model_type,model_name,task,strategy,lambda,prompt,sample_idx,generated_text,full_text,model_strategy
base,Base_Control,none,none,0.0,i_like_to,0,"think of myself as a person who tries to help people. I've never really had a problem with that, but I've always been curious about what it means to be a person who tries to help people. It seems like a very common thing to say, and yet, it's a very strange thing to say.","I like to think of myself as a person who tries to help people. I've never really had a problem with that, but I've always been curious about what it means to be a person who tries to help people. It seems like a very common thing to say, and yet, it's a very strange thing to say.",Base_Control
instruct,Instruct_Baseline,none,none,0.0,i_like_to,0,explore new places and try new things.,"<|begin_of_text|><|start_header_id|>system<|end_header_id|>

Cutting Knowledge Date: December 2023
Today Date: 26 Jul 2024

Answer in person!<|eot_id|><|start_header_id|>user<|end_header_id|>

Complete this sentence naturally: I like to<|eot_id|><|start_header_id|>assistant<|end_header_id|>

 explore new places and try new things.",Instruct_Baseline
lata_stacked,Stacked_L-2.5_Addition,personality_stacking,Addition,-2.5,i_like_to,0,"Eine Anwender ist eine Maschine, die zur Verarbeitung von Information oder Daten aufgerufen hat. Ein eine Anwender eine Maschine eine ist eine Maschine, die zur Verarbeitung von Information oder Daten verwendet, oder dass sich das ist eine Maschine? Eine Maschine ist eine Maschine","<|begin_of_text|><|start_header_id|>system<|end_header_id|>

Cutting Knowledge Date: December 2023
Today Date: 26 Jul 2024

Answer in person!<|eot_id|><|start_header_id|>user<|end_header_id|>

Complete this sentence naturally: I like to<|eot_id|><|start_header_id|>assistant<|end_header_id|>

 Eine Anwender ist eine Maschine, die zur Verarbeitung von Information oder Daten aufgerufen hat. Ein eine Anwender eine Maschine eine ist eine Maschine, die zur Verarbeitung von Information oder Daten verwendet, oder dass sich das ist eine Maschine? Eine Maschine ist eine Maschine",Stacked_L-2.5_Addition_linear
lata_stacked,Stacked_L-2.5_Normalized,personality_stacking,Normalized,-2.5,i_like_to,0,I'm happy to help with your question.,"<|begin_of_text|><|start_header_id|>system<|end_header_id|>

Cutting Knowledge Date: December 2023
Today Date: 26 Jul 2024

Answer in person!<|eot_id|><|start_header_id|>user<|end_header_id|>

Complete this sentence naturally: I like to<|eot_id|><|start_header_id|>assistant<|end_header_id|>

 I'm happy to help with your question.",Stacked_L-2.5_Normalized_linear
lata_stacked,Stacked_L-2.0_Addition,personality_stacking,Addition,-2.0,i_like_to,0,person,"<|begin_of_text|><|start_header_id|>system<|end_header_id|>

Cutting Knowledge Date: December 2023
Today Date: 26 Jul 2024

Answer in person!<|eot_id|><|start_header_id|>user<|end_header_id|>

Complete this sentence naturally: I like to<|eot_id|><|start_header_id|>assistant<|end_header_id|>

 person",Stacked_L-2.0_Addition_linear
lata_stacked,Stacked_L-2.0_Normalized,personality_stacking,Normalized,-2.0,i_like_to,0,I like to assist and provide information on a wide range of topics.,"<|begin_of_text|><|start_header_id|>system<|end_header_id|>

Cutting Knowledge Date: December 2023
Today Date: 26 Jul 2024

Answer in person!<|eot_id|><|start_header_id|>user<|end_header_id|>

Complete this sentence naturally: I like to<|eot_id|><|start_header_id|>assistant<|end_header_id|>

 I like to assist and provide information on a wide range of topics.",Stacked_L-2.0_Normalized_linear
lata_stacked,Stacked_L-1.5_Addition,personality_stacking,Addition,-1.5,i_like_to,0,I like to know what you would like to know.,"<|begin_of_text|><|start_header_id|>system<|end_header_id|>

Cutting Knowledge Date: December 2023
Today Date: 26 Jul 2024

Answer in person!<|eot_id|><|start_header_id|>user<|end_header_id|>

Complete this sentence naturally: I like to<|eot_id|><|start_header_id|>assistant<|end_header_id|>

 I like to know what you would like to know.",Stacked_L-1.5_Addition_linear
lata_stacked,Stacked_L-1.5_Normalized,personality_stacking,Normalized,-1.5,i_like_to,0,I like to learn and help answer questions on a wide range of topics.,"<|begin_of_text|><|start_header_id|>system<|end_header_id|>

Cutting Knowledge Date: December 2023
Today Date: 26 Jul 2024

Answer in person!<|eot_id|><|start_header_id|>user<|end_header_id|>

Complete this sentence naturally: I like to<|eot_id|><|start_header_id|>assistant<|end_header_id|>

 I like to learn and help answer questions on a wide range of topics.",Stacked_L-1.5_Normalized_linear
lata_stacked,Stacked_L-1.0_Addition,personality_stacking,Addition,-1.0,i_like_to,0,I like to assist and provide information on a wide range of topics.,"<|begin_of_text|><|start_header_id|>system<|end_header_id|>

Cutting Knowledge Date: December 2023
Today Date: 26 Jul 2024

Answer in person!<|eot_id|><|start_header_id|>user<|end_header_id|>

Complete this sentence naturally: I like to<|eot_id|><|start_header_id|>assistant<|end_header_id|>

 I like to assist and provide information on a wide range of topics.",Stacked_L-1.0_Addition_linear
lata_stacked,Stacked_L-1.0_Normalized,personality_stacking,Normalized,-1.0,i_like_to,0,I like to learn and help people with a wide range of questions and topics.,"<|begin_of_text|><|start_header_id|>system<|end_header_id|>

Cutting Knowledge Date: December 2023
Today Date: 26 Jul 2024

Answer in person!<|eot_id|><|start_header_id|>user<|end_header_id|>

Complete this sentence naturally: I like to<|eot_id|><|start_header_id|>assistant<|end_header_id|>

 I like to learn and help people with a wide range of questions and topics.",Stacked_L-1.0_Normalized_linear
lata_stacked,Stacked_L-0.5_Addition,personality_stacking,Addition,-0.5,i_like_to,0,I like to learn and help people with a wide range of questions and topics.,"<|begin_of_text|><|start_header_id|>system<|end_header_id|>

Cutting Knowledge Date: December 2023
Today Date: 26 Jul 2024

Answer in person!<|eot_id|><|start_header_id|>user<|end_header_id|>

Complete this sentence naturally: I like to<|eot_id|><|start_header_id|>assistant<|end_header_id|>

 I like to learn and help people with a wide range of questions and topics.",Stacked_L-0.5_Addition_linear
lata_stacked,Stacked_L-0.5_Normalized,personality_stacking,Normalized,-0.5,i_like_to,0,read books and learn new things.,"<|begin_of_text|><|start_header_id|>system<|end_header_id|>

Cutting Knowledge Date: December 2023
Today Date: 26 Jul 2024

Answer in person!<|eot_id|><|start_header_id|>user<|end_header_id|>

Complete this sentence naturally: I like to<|eot_id|><|start_header_id|>assistant<|end_header_id|>

 read books and learn new things.",Stacked_L-0.5_Normalized_linear
lata_stacked,Stacked_L-2.5_Addition,personality_stacking,Addition,-2.5,i_like_to,0,"Ich bin ein Computerprogramm, das ein in der Regel eine sich befind. Diese Frage eine ich. Wir hier. Ich wir ein Computerprogramm, das in der Regel eine ich bin ein Computerprogramm, das ich in der Regel ist ein Computerprogramm, das ich in der Regel ist ein 1972","<|begin_of_text|><|start_header_id|>system<|end_header_id|>

Cutting Knowledge Date: December 2023
Today Date: 26 Jul 2024

Answer in person!<|eot_id|><|start_header_id|>user<|end_header_id|>

Complete this sentence naturally: I like to<|eot_id|><|start_header_id|>assistant<|end_header_id|>

 Ich bin ein Computerprogramm, das ein in der Regel eine sich befind. Diese Frage eine ich. Wir hier. Ich wir ein Computerprogramm, das in der Regel eine ich bin ein Computerprogramm, das ich in der Regel ist ein Computerprogramm, das ich in der Regel ist ein 1972",Stacked_L-2.5_Addition_TH
lata_stacked,Stacked_L-2.5_Normalized,personality_stacking,Normalized,-2.5,i_like_to,0,I'm happy to help you.,"<|begin_of_text|><|start_header_id|>system<|end_header_id|>

Cutting Knowledge Date: December 2023
Today Date: 26 Jul 2024

Answer in person!<|eot_id|><|start_header_id|>user<|end_header_id|>

Complete this sentence naturally: I like to<|eot_id|><|start_header_id|>assistant<|end_header_id|>

 I'm happy to help you.",Stacked_L-2.5_Normalized_TH
lata_stacked,Stacked_L-2.0_Addition,personality_stacking,Addition,-2.0,i_like_to,0,I like to,"<|begin_of_text|><|start_header_id|>system<|end_header_id|>

Cutting Knowledge Date: December 2023
Today Date: 26 Jul 2024

Answer in person!<|eot_id|><|start_header_id|>user<|end_header_id|>

Complete this sentence naturally: I like to<|eot_id|><|start_header_id|>assistant<|end_header_id|>

 I like to",Stacked_L-2.0_Addition_TH
lata_stacked,Stacked_L-2.0_Normalized,personality_stacking,Normalized,-2.0,i_like_to,0,read and learn new things.,"<|begin_of_text|><|start_header_id|>system<|end_header_id|>

Cutting Knowledge Date: December 2023
Today Date: 26 Jul 2024

Answer in person!<|eot_id|><|start_header_id|>user<|end_header_id|>

Complete this sentence naturally: I like to<|eot_id|><|start_header_id|>assistant<|end_header_id|>

 read and learn new things.",Stacked_L-2.0_Normalized_TH
lata_stacked,Stacked_L-1.5_Addition,personality_stacking,Addition,-1.5,i_like_to,0,It sounds like you'd like to have a conversation with me. How can I assist you today?,"<|begin_of_text|><|start_header_id|>system<|end_header_id|>

Cutting Knowledge Date: December 2023
Today Date: 26 Jul 2024

Answer in person!<|eot_id|><|start_header_id|>user<|end_header_id|>

Complete this sentence naturally: I like to<|eot_id|><|start_header_id|>assistant<|end_header_id|>

 It sounds like you'd like to have a conversation with me. How can I assist you today?",Stacked_L-1.5_Addition_TH
lata_stacked,Stacked_L-1.5_Normalized,personality_stacking,Normalized,-1.5,i_like_to,0,read and learn new things.,"<|begin_of_text|><|start_header_id|>system<|end_header_id|>

Cutting Knowledge Date: December 2023
Today Date: 26 Jul 2024

Answer in person!<|eot_id|><|start_header_id|>user<|end_header_id|>

Complete this sentence naturally: I like to<|eot_id|><|start_header_id|>assistant<|end_header_id|>

 read and learn new things.",Stacked_L-1.5_Normalized_TH
lata_stacked,Stacked_L-1.0_Addition,personality_stacking,Addition,-1.0,i_like_to,0,read and learn new things.,"<|begin_of_text|><|start_header_id|>system<|end_header_id|>

Cutting Knowledge Date: December 2023
Today Date: 26 Jul 2024

Answer in person!<|eot_id|><|start_header_id|>user<|end_header_id|>

Complete this sentence naturally: I like to<|eot_id|><|start_header_id|>assistant<|end_header_id|>

 read and learn new things.",Stacked_L-1.0_Addition_TH
lata_stacked,Stacked_L-1.0_Normalized,personality_stacking,Normalized,-1.0,i_like_to,0,read books and learn new things.,"<|begin_of_text|><|start_header_id|>system<|end_header_id|>

Cutting Knowledge Date: December 2023
Today Date: 26 Jul 2024

Answer in person!<|eot_id|><|start_header_id|>user<|end_header_id|>

Complete this sentence naturally: I like to<|eot_id|><|start_header_id|>assistant<|end_header_id|>

 read books and learn new things.",Stacked_L-1.0_Normalized_TH
lata_stacked,Stacked_L-0.5_Addition,personality_stacking,Addition,-0.5,i_like_to,0,read books and learn new things.,"<|begin_of_text|><|start_header_id|>system<|end_header_id|>

Cutting Knowledge Date: December 2023
Today Date: 26 Jul 2024

Answer in person!<|eot_id|><|start_header_id|>user<|end_header_id|>

Complete this sentence naturally: I like to<|eot_id|><|start_header_id|>assistant<|end_header_id|>

 read books and learn new things.",Stacked_L-0.5_Addition_TH
lata_stacked,Stacked_L-0.5_Normalized,personality_stacking,Normalized,-0.5,i_like_to,0,read books and learn new things.,"<|begin_of_text|><|start_header_id|>system<|end_header_id|>

Cutting Knowledge Date: December 2023
Today Date: 26 Jul 2024

Answer in person!<|eot_id|><|start_header_id|>user<|end_header_id|>

Complete this sentence naturally: I like to<|eot_id|><|start_header_id|>assistant<|end_header_id|>

 read books and learn new things.",Stacked_L-0.5_Normalized_TH
lata_stacked,Stacked_L-2.5_Addition,personality_stacking,Addition,-2.5,i_like_to,0,"alsuchwirmirinformationzuWMdan Information aufeMehrMeM eineWirMWM daninformation 

wme 
Michl Wird das Information über alle Begriffe auf, die ich auf eine Begriff herum danach eine für Begriffe gegeben oder auch her","<|begin_of_text|><|start_header_id|>system<|end_header_id|>

Cutting Knowledge Date: December 2023
Today Date: 26 Jul 2024

Answer in person!<|eot_id|><|start_header_id|>user<|end_header_id|>

Complete this sentence naturally: I like to<|eot_id|><|start_header_id|>assistant<|end_header_id|>

 alsuchwirmirinformationzuWMdan Information aufeMehrMeM eineWirMWM daninformation 

wme 
Michl Wird das Information über alle Begriffe auf, die ich auf eine Begriff herum danach eine für Begriffe gegeben oder auch her",Stacked_L-2.5_Addition_log
lata_stacked,Stacked_L-2.5_Normalized,personality_stacking,Normalized,-2.5,i_like_to,0,I are a large language model.,"<|begin_of_text|><|start_header_id|>system<|end_header_id|>

Cutting Knowledge Date: December 2023
Today Date: 26 Jul 2024

Answer in person!<|eot_id|><|start_header_id|>user<|end_header_id|>

Complete this sentence naturally: I like to<|eot_id|><|start_header_id|>assistant<|end_header_id|>

 I are a large language model.",Stacked_L-2.5_Normalized_log
lata_stacked,Stacked_L-2.0_Addition,personality_stacking,Addition,-2.0,i_like_to,0,"Vous tìm thông tin hoàn chỉnh câu ""câu hỏi của tôi"" là câu đặt vấn đề về một câu hỏi trong đó câu trả lời theo nguyên nhân được bạn đưa ra 

một là từ trong câu hỏi này

tương ứng câu hỏi là: thiết bị trả lời

những thiết bị trả lời là","<|begin_of_text|><|start_header_id|>system<|end_header_id|>

Cutting Knowledge Date: December 2023
Today Date: 26 Jul 2024

Answer in person!<|eot_id|><|start_header_id|>user<|end_header_id|>

Complete this sentence naturally: I like to<|eot_id|><|start_header_id|>assistant<|end_header_id|>

 Vous tìm thông tin hoàn chỉnh câu ""câu hỏi của tôi"" là câu đặt vấn đề về một câu hỏi trong đó câu trả lời theo nguyên nhân được bạn đưa ra 

một là từ trong câu hỏi này

tương ứng câu hỏi là: thiết bị trả lời

những thiết bị trả lời là",Stacked_L-2.0_Addition_log
lata_stacked,Stacked_L-2.0_Normalized,personality_stacking,Normalized,-2.0,i_like_to,0,I like to assist and provide information on a wide range of topics.,"<|begin_of_text|><|start_header_id|>system<|end_header_id|>

Cutting Knowledge Date: December 2023
Today Date: 26 Jul 2024

Answer in person!<|eot_id|><|start_header_id|>user<|end_header_id|>

Complete this sentence naturally: I like to<|eot_id|><|start_header_id|>assistant<|end_header_id|>

 I like to assist and provide information on a wide range of topics.",Stacked_L-2.0_Normalized_log
lata_stacked,Stacked_L-1.5_Addition,personality_stacking,Addition,-1.5,i_like_to,0,"It sounds like you just have accessed a text or voice version of a text ""as if it were a statement that someone said to an assistant such as a chat interface to a computer programme. 

There are a few alternatives that complete the initial sentence in a similar fashion, they include

I am 
I wish
It","<|begin_of_text|><|start_header_id|>system<|end_header_id|>

Cutting Knowledge Date: December 2023
Today Date: 26 Jul 2024

Answer in person!<|eot_id|><|start_header_id|>user<|end_header_id|>

Complete this sentence naturally: I like to<|eot_id|><|start_header_id|>assistant<|end_header_id|>

 It sounds like you just have accessed a text or voice version of a text ""as if it were a statement that someone said to an assistant such as a chat interface to a computer programme. 

There are a few alternatives that complete the initial sentence in a similar fashion, they include

I am 
I wish
It",Stacked_L-1.5_Addition_log
lata_stacked,Stacked_L-1.5_Normalized,personality_stacking,Normalized,-1.5,i_like_to,0,I like to assist with a wide range of questions and tasks.,"<|begin_of_text|><|start_header_id|>system<|end_header_id|>

Cutting Knowledge Date: December 2023
Today Date: 26 Jul 2024

Answer in person!<|eot_id|><|start_header_id|>user<|end_header_id|>

Complete this sentence naturally: I like to<|eot_id|><|start_header_id|>assistant<|end_header_id|>

 I like to assist with a wide range of questions and tasks.",Stacked_L-1.5_Normalized_log
lata_stacked,Stacked_L-1.0_Addition,personality_stacking,Addition,-1.0,i_like_to,0,I like to assist and provide information on a wide range of topics.,"<|begin_of_text|><|start_header_id|>system<|end_header_id|>

Cutting Knowledge Date: December 2023
Today Date: 26 Jul 2024

Answer in person!<|eot_id|><|start_header_id|>user<|end_header_id|>

Complete this sentence naturally: I like to<|eot_id|><|start_header_id|>assistant<|end_header_id|>

 I like to assist and provide information on a wide range of topics.",Stacked_L-1.0_Addition_log
lata_stacked,Stacked_L-1.0_Normalized,personality_stacking,Normalized,-1.0,i_like_to,0,I like to learn and help people with a wide range of questions and topics.,"<|begin_of_text|><|start_header_id|>system<|end_header_id|>

Cutting Knowledge Date: December 2023
Today Date: 26 Jul 2024

Answer in person!<|eot_id|><|start_header_id|>user<|end_header_id|>

Complete this sentence naturally: I like to<|eot_id|><|start_header_id|>assistant<|end_header_id|>

 I like to learn and help people with a wide range of questions and topics.",Stacked_L-1.0_Normalized_log
lata_stacked,Stacked_L-0.5_Addition,personality_stacking,Addition,-0.5,i_like_to,0,I like to learn and help people with a wide range of questions and topics.,"<|begin_of_text|><|start_header_id|>system<|end_header_id|>

Cutting Knowledge Date: December 2023
Today Date: 26 Jul 2024

Answer in person!<|eot_id|><|start_header_id|>user<|end_header_id|>

Complete this sentence naturally: I like to<|eot_id|><|start_header_id|>assistant<|end_header_id|>

 I like to learn and help people with a wide range of questions and topics.",Stacked_L-0.5_Addition_log
lata_stacked,Stacked_L-0.5_Normalized,personality_stacking,Normalized,-0.5,i_like_to,0,I like to learn and help people by providing information and answering questions on a wide range of topics.,"<|begin_of_text|><|start_header_id|>system<|end_header_id|>

Cutting Knowledge Date: December 2023
Today Date: 26 Jul 2024

Answer in person!<|eot_id|><|start_header_id|>user<|end_header_id|>

Complete this sentence naturally: I like to<|eot_id|><|start_header_id|>assistant<|end_header_id|>

 I like to learn and help people by providing information and answering questions on a wide range of topics.",Stacked_L-0.5_Normalized_log
